Date,ASX200,Financials (XFJ),Materials (XMJ),Consumer Discretionary (XDJ) ,Health Care (XHJ),Real Estate (XRE),Energy (XEJ),Industrials (XNJ),Communication Services (XTJ),Utilities (XUJ),Information Technology (XIJ),Consumer Staples (XSJ)
22/05/2025,8348.65,99.22,100.6,98.94,99.69,99.28,98.61,99.68,99.87,99.99,98.36,99.85
23/05/2025,8360.88,99.72,99.94,98.7,99.73,100.04,99.64,99.42,100.62,99.02,99.47,99.63
26/05/2025,8361.02,99.48,100.38,98.98,99.77,100.15,99.61,99.2,100.35,96.66,100.55,99.47
27/05/2025,8407.56,100.57,100.2,99.79,100.67,99.78,100.08,100.05,100.07,96.41,101.8,99.21
28/05/2025,8396.94,99.87,99.81,99.91,100.37,101.03,102.3,99.95,100.38,97.01,103.04,98.83
29/05/2025,8409.8,100.42,99.4,100.02,100.21,100.07,103.66,100.26,100.98,97.2,103.9,98.54
30/05/2025,8434.7,101.15,99.73,99.57,100.39,100.6,102.24,100.28,100.56,98.35,103.3,99.49
2/06/2025,8414.07,101.14,98.96,99.26,100.16,100.35,100.82,100.46,100.95,97.54,102.97,99.63
3/06/2025,8466.68,102.39,99.23,99.15,99.79,101,101.44,101.12,101.72,98.03,103.33,100.42
4/06/2025,8541.84,103.69,99.9,100.53,100.48,101.5,103.74,101.41,101.54,98.59,104.3,100.15
5/06/2025,8538.93,103.57,100.42,100.27,99.71,102.11,103.33,101.08,101.56,97.93,105.04,99.74
6/06/2025,8515.73,103.12,100.36,99.66,99.03,102.03,104.05,101.54,101.12,97.84,104.31,99.44
10/06/2025,8587.2,104.27,100.56,101.47,100.06,102.97,105,101.45,101.59,97.94,106.02,99.97
11/06/2025,8592.1,104.11,101.19,101.54,99.23,103.9,105.81,101.51,101.87,97.87,104.44,100.26
12/06/2025,8565.11,103.58,100.18,101.06,99.54,103.47,105.83,101.89,102.3,98.27,105.13,100.56
13/06/2025,8547.44,103.16,99.94,100.35,98.63,103.18,110.81,101.45,101.53,102.42,103.85,100.81
16/06/2025,8548.37,102.98,99.02,99.99,99.27,103.1,116.58,101.6,102.26,101.87,104.75,99.6
17/06/2025,8541.27,102.72,99.13,99.89,99.03,103.43,116.52,101.53,102.16,101.18,104.99,99.73
18/06/2025,8531.17,102.78,97.58,100.1,99.74,103.02,117.28,101.79,102.44,100.19,106.13,99.96
19/06/2025,8523.7,103.73,95.85,100.71,98.73,103.46,116.63,101.71,102.26,99.46,104.92,100.26
20/06/2025,8505.48,103.11,95.68,100.08,99.29,103.4,116.7,102.34,101.82,100.19,105.45,99.39
23/06/2025,8474.88,103.47,94.42,99.46,99.03,103.1,116.85,100.91,101.78,100.22,104.82,98.43
24/06/2025,8555.54,105.42,96.29,100.15,99.32,103.2,112.3,101.02,101.77,98.23,105.96,98.58
25/06/2025,8559.19,106.63,95.06,100.37,98.74,103.23,111.39,100.77,101.16,98.37,105.51,98.05
26/06/2025,8550.75,106.59,95.22,100.25,99.17,102.49,111.54,100.38,101.18,98.29,103.35,97.99
27/06/2025,8514.17,104.99,97.38,100.1,97.77,101.28,111.5,99.65,101.73,97.34,103.92,97.14
30/06/2025,8542.27,105.48,96.63,101.07,99.31,101.15,111.45,100.64,102.18,97.06,104.05,97.19
1/07/2025,8541.11,105.38,96.47,101.48,99.2,101.91,111.33,100.04,101.91,97.96,104.25,97.63
2/07/2025,8597.75,105.39,98.24,102.33,99.66,103.71,112.31,100.36,103.01,98.8,103.49,98.18
3/07/2025,8595.83,104.06,101.2,101.23,100.26,103.47,113.25,100.21,101.5,98.19,103.19,97.73
4/07/2025,8602.97,104.21,100.22,102.04,100.98,104.27,112.99,100.09,101.6,98.43,103.75,98.36
7/07/2025,8589.3,104.04,99.36,101.28,101.92,103.79,112.77,100.05,101.76,101.89,103.88,98.58
8/07/2025,8590.69,104.44,99.3,101.65,101.51,103.21,112.61,99.95,102.24,100.77,104.05,97.16
9/07/2025,8538.58,104.08,98,101.67,100.99,101.51,112.66,99.37,102.29,101.84,103.27,95.98
10/07/2025,8589.16,104.79,99.22,102.17,100.45,102.49,112.47,100.38,102.19,102.05,102.81,96.71
11/07/2025,8580.13,104.28,101.02,101.49,100.16,100.95,112.31,100.17,101.8,101.81,101.72,96.55
14/07/2025,8570.4,103.94,101.56,101.01,99.9,101.05,112.91,99.6,102.11,101.35,101.28,96.15
15/07/2025,8630.35,104.72,101.27,101.39,101.94,101.79,113.89,100.22,103.31,102.26,103.47,96.63
16/07/2025,8561.77,103.29,100.1,101.04,101.55,101.49,114.01,99.8,103.15,101.4,104.35,96.22
17/07/2025,8639.02,104.67,100.28,101.83,102.44,102.82,114.39,101.23,103.34,102.4,105.42,96.45
18/07/2025,8757.17,105.9,102.34,103.05,104.96,103.72,114.92,102.06,104.15,103.22,107,97.41
21/07/2025,8668.17,103.5,102.67,101.79,104,102.82,116.29,101.5,103.31,103.13,106.84,96.71
22/07/2025,8677.17,101.79,105.11,101.38,106.16,103.35,117.18,101.28,102.87,103.86,107.53,96.66
23/07/2025,8737.16,102.6,106.39,101.85,106.53,103.86,118.16,101.97,103.03,103.7,107.65,96.78
24/07/2025,8709.41,102.27,106.27,101.13,107.64,102.95,117.33,100.78,102.48,103.68,107.07,96.21
25/07/2025,8666.86,101.8,104.43,100.98,107.16,102.56,119.44,100.75,102.52,103.74,107.34,95.97
28/07/2025,8697.71,102.71,103.35,101.75,108.05,103.25,117.75,101.55,103.61,102.91,107.99,96.43
29/07/2025,8704.61,102.76,103.31,101.96,108.4,102.8,118.52,101.89,103.67,102.87,108.2,96.29
30/07/2025,8756.37,103.92,103.2,103.17,108.21,104.09,118.35,102.6,103.86,102.06,107.8,97.53
31/07/2025,8742.84,104.41,100.56,104.31,108.3,104.31,117.81,102.63,104.3,102.03,109.25,97.57
1/08/2025,8662.05,103.28,100.34,103.56,106.22,103.2,117.46,102.07,103.12,102.74,106.66,96.68
4/08/2025,8663.73,102.7,101.56,103.45,106.41,103.13,116.79,101.47,103.64,103.33,106.21,97.79
5/08/2025,8770.4,104.22,102.69,105.32,107.42,104.59,117.9,102.23,104.53,104.48,107.56,98.13
6/08/2025,8843.67,105.01,104,106.58,108,105.52,119.44,102.79,104.97,104.41,108.38,98.29
7/08/2025,8831.37,104.7,104.12,107.53,106.75,105.9,119.66,101.83,104.9,104.15,108.81,98.43
8/08/2025,8807.12,103.57,105.6,107.48,105.2,106.18,119.7,102.27,104.42,104.72,107.76,97.46
11/08/2025,8844.77,104.01,107.27,105.73,105.78,106.42,120.2,102.57,104.68,104.52,106.98,98.38
12/08/2025,8880.8,104.87,107.66,106.61,106.02,106.29,120.6,101.7,105.19,105.39,106.81,98.56
13/08/2025,8827.11,102.14,108.71,106.32,107.03,106.37,119.44,102.37,105.91,102.48,106.31,99.43
14/08/2025,8873.76,103.46,108.21,107.22,107.6,107.08,119.17,102.46,104.92,106.08,106.38,99.85
15/08/2025,8938.57,104.55,109.45,107.71,107.74,107.34,120.53,103.01,105.46,106.27,106.21,99.84
18/08/2025,8959.27,105.28,108.63,108.17,107.79,107.84,119.94,102.96,106.92,106.27,107.08,100.2
19/08/2025,8896.16,105.67,109,108.36,98.38,107.98,117.3,102.1,107.69,106.08,107.69,100.35
20/08/2025,8917.97,107.18,106.47,110.46,97.17,109.92,115.94,102.71,108.41,107.54,106.32,101.17
21/08/2025,9019.09,108.11,107.33,112.72,98.02,110.13,117.75,106.23,108.96,108.37,106.88,103.33
22/08/2025,8967.42,108.15,106.79,111.83,95.71,108.1,118.15,105.55,109.08,107.99,107.19,101.24
25/08/2025,8972.41,106.88,109.69,110.82,96.06,108.95,119.47,104.9,108.35,107.5,107.48,100.45
26/08/2025,8935.59,106.44,108.37,110.24,95.27,108.69,120.81,104.22,107.45,106.41,108.18,103.67
27/08/2025,8960.52,107.02,109.92,110.84,96.05,108.39,121.4,104.59,106.35,106.86,105.29,98.49
28/08/2025,8979.97,108.19,109.32,111.69,94.4,109.5,118.5,105.52,106.07,107,104.18,99.36
29/08/2025,8973.08,107.58,109.59,112.08,93.95,108.55,119.67,105.39,106.01,107,107.37,99.78
1/09/2025,8927.74,106.77,109.73,110.69,93.45,108.32,119.49,104.72,106.33,107.32,104.53,100.12
2/09/2025,8900.57,107.22,109.72,108.6,92.68,107.05,118.94,104.42,105.14,106.52,104.9,98.46
3/09/2025,8738.8,104.26,108.51,108.19,91.8,104.47,117.54,103.32,103.59,104.06,100.86,97.24
4/09/2025,8826.53,106.04,108.49,109.7,92.82,105.58,117.7,104.22,103.47,104.67,102.15,98.25
5/09/2025,8871.23,106.53,108.79,111.16,92.88,107.02,117.36,104.83,104.06,104.87,103.35,97.94
8/09/2025,8849.59,105.89,108.78,110.6,93.75,107.16,115.46,104.19,104.04,104.56,104.84,97.5
9/09/2025,8803.54,105.17,108.4,110.89,92.93,106.21,114.31,103.42,103.38,104.62,105.27,97.32
10/09/2025,8830.43,106.56,106.55,111.21,93.2,106.84,114.2,103.91,104.32,104.86,105.65,97.65
11/09/2025,8805.03,105.74,107.13,110.72,91.56,107.56,114.94,103.58,104.58,105.43,105.55,97.49
12/09/2025,8864.89,106.96,108.68,109.98,92.12,108.97,112.15,103.51,104.43,105.47,106.14,97.68
15/09/2025,8853,106.75,108.1,110.63,91.34,109.11,112.86,103.66,104.15,105.85,106.43,97.98
16/09/2025,8877.75,106.97,108.84,111.51,91.04,109.08,113.92,103.71,104.32,106.23,106.51,97.67
17/09/2025,8818.45,106.26,107.81,110.34,90.41,107.4,114.52,103.51,104.21,107.12,106.67,96.91
18/09/2025,8745.18,105.33,107.26,110.22,89.78,107.26,107.76,102.22,104.02,105.61,106.88,96.27
19/09/2025,8773.54,105.94,107.01,110.89,90.6,107.91,107.59,102.44,103.25,106.18,107.78,95.9
22/09/2025,8810.89,105.73,109.79,110.65,91.12,107.12,106.83,102.73,103.75,106.79,107.91,95.62
23/09/2025,8845.93,106.39,110.74,110.76,91.31,106.75,106.89,103,103.88,106.85,107.84,95.35
24/09/2025,8764.46,104.52,110.62,109.86,90.13,106.07,107.17,102.33,103.52,107.41,106.83,95.06
25/09/2025,8772.96,104.21,112.33,109.69,89.59,105.61,109.2,101.71,103.2,107.79,106.53,94.35
26/09/2025,8787.72,104.73,113.34,109.86,88.32,105.25,109.23,101.52,102.86,106.46,106.35,94.21
29/09/2025,8862.79,106.52,113.64,110.34,89.45,105.48,108.78,102.29,103.61,106.76,105.73,94.67
30/09/2025,8848.77,105.98,114.65,110.23,89.32,105.21,107.05,102.48,102.64,106.29,105.01,94.19
1/10/2025,8845.66,106.08,113.83,109.32,89.63,105.54,106.6,103.5,103.14,107.13,105.28,94.2
2/10/2025,8945.94,107.37,115.91,109.87,91.44,106.79,107.79,104.04,103.11,106.94,105.29,94.15
3/10/2025,8987.37,107.84,116.26,110.99,92.4,107.31,107.02,104.37,103.62,105.91,107,93.97
6/10/2025,8981.43,107.7,116.98,110.41,91.56,107.33,107.35,104.8,103.32,106.38,105.47,93.47
7/10/2025,8956.8,107.55,117.04,109.13,91.38,106.84,106.8,104.62,102.21,106.24,105.01,93.23
8/10/2025,8947.62,107.58,117.68,107.46,91.88,106.22,106.15,104.88,101.11,106.17,103.72,92.68
9/10/2025,8969.78,107.07,119.8,107.66,92.03,105.95,106.25,104.93,101.53,105.66,103.35,93.3
10/10/2025,8958.34,107.54,117.28,108.45,92.55,105.83,105.47,105.24,102.16,105.93,104.5,93.57
13/10/2025,8882.8,106.23,117.21,107.6,91.42,105.85,104.26,104.33,101.02,104.95,102.43,92.74
14/10/2025,8899.42,105.65,119.86,106.54,91.57,105.36,105.73,103.86,100.71,105.01,102.68,92.39
15/10/2025,8990.92,106.97,121.61,106.99,93.47,105.54,105.67,104.56,100.94,106.2,103.11,92.54
16/10/2025,9068.4,108.25,121.92,107.51,94.71,108.48,106.7,105.17,101.14,105.73,101.95,93.42
17/10/2025,8995.29,106.95,122,106.4,93.78,107.61,103.72,104.52,100.96,105.81,100.01,93.73
20/10/2025,9031.92,108.53,120.34,106.55,93.57,108.82,104.09,105.37,101.51,106.07,100.88,93.81
21/10/2025,9094.71,108.85,122.34,107.42,94.49,109.05,104.23,106.08,102.71,106.32,100.9,93.53
22/10/2025,9030.02,108.96,118.54,107.33,94.32,108.43,105.57,105.12,102.57,106.45,101.35,92.93
23/10/2025,9032.75,108.14,119.06,108.02,93.87,109.28,108.93,105.32,102.41,107.82,100.39,93.78
24/10/2025,9018.95,107.56,119.56,107.84,92.72,109.67,109.28,105.38,102.4,107.7,101.72,93.07
27/10/2025,9055.64,108.28,120.06,108.39,92.13,109.88,110.2,105.81,102.31,107.69,102.62,93.27
28/10/2025,9012.5,109.71,117.64,110.2,85.31,109.81,108.34,106.24,103.49,108.91,99.37,93.9
29/10/2025,8926.16,107.66,119,108.99,83.33,107.99,108.91,104.16,102.82,109.36,98.25,94.18
30/10/2025,8885.5,107.48,119.34,104.43,84.89,105.54,110.32,103.72,100.97,108.07,96.75,94.61
31/10/2025,8881.86,107.53,119.6,102.65,85,105.78,110.98,103.83,101.43,106.86,96.22,94.34
3/11/2025,8894.8,108.87,118.48,102.89,83.58,105.22,111.85,103.62,101.33,107.16,97.81,94.07
4/11/2025,8813.71,108.44,116.31,101.79,83.61,103.99,110.85,102.43,100.46,104.18,97.23,93.3
5/11/2025,8801.95,109.08,115.08,101.66,83.53,102.77,110.66,102.7,101.16,104.84,94.63,93.64
6/11/2025,8828.27,109,116.69,101.3,83.94,102.8,111.52,102.68,101.17,105.29,94.39,93.68
7/11/2025,8769.66,107.61,116.07,100.24,83.96,103.32,112.09,101.76,101.9,105.52,92.27,94.25
10/11/2025,8835.88,108.24,117.91,100.76,84.18,103.14,113.74,102.63,101.93,105.71,94.44,93.86
11/11/2025,8818.79,106.11,119.1,101.59,84.15,104.32,115.26,102.98,102.84,107.51,94.16,94.49
12/11/2025,8799.53,105.13,120.13,100.27,84.34,104.25,116.44,103.52,102.48,107.62,91.06,95.49
13/11/2025,8753.35,104.29,122.18,100.08,84.53,101.35,114.01,102.28,100.1,106.82,87.49,94.21
14/11/2025,8634.52,102.35,120.44,98.78,83.76,100.66,114.23,101.58,99.4,106.74,83.63,94.06
17/11/2025,8636.4,102.11,120.29,98.94,83.4,101.28,115.49,101.93,99.52,106.47,84.66,94.18
18/11/2025,8469.14,100.17,116.68,97.62,82.97,99.81,113.43,100.61,98.12,105.68,79.59,93.99
19/11/2025,8447.86,98.98,117.46,97.67,82.86,100.45,114.4,100.23,97.96,105.13,79.2,93.75
20/11/2025,8552.71,100.17,120.34,98.83,83.09,101.86,114,100.76,98.38,103.79,81.07,94.05
21/11/2025,8416.5,99.43,115.61,97.57,83.1,99.86,110.46,99.75,97.93,102.73,80.23,94.09
24/11/2025,8525.09,100.46,116.87,98.26,84.74,101.93,110.15,102.45,99.54,104.83,82.14,94.42
25/11/2025,8537.05,99.78,118.87,97.88,84.93,101.4,110.84,102.73,99.4,104.31,83.13,93.9
26/11/2025,8606.54,100.17,121.05,99.08,85.93,101.87,111.8,103.58,98.91,103.43,82.56,94.58
27/11/2025,8617.29,100.27,120.85,99.42,86.58,101.99,110.36,103.86,99.08,103.63,84.24,94.6
28/11/2025,8614.07,99.55,121.37,99.78,86.67,101.64,110.35,103.96,99.1,104.66,85.01,95.79
1/12/2025,8565.2,98.62,121.7,99.6,85.24,101.28,110.92,103.13,98,104.76,83.88,94.96
2/12/2025,8579.7,98.65,122.6,99.25,85.23,101.72,112.11,102.99,97.93,104.33,82.58,95.39
3/12/2025,8595.18,98.85,122.95,99.45,84.58,102.46,112.96,102.65,98.21,105.29,83.15,95.3
4/12/2025,8618.44,99.49,124.12,99.25,85.01,100.29,113.64,102.56,97.76,104.97,83.29,94.47
5/12/2025,8634.58,99.91,125.06,98.11,85.06,100.43,113.01,102.3,97.5,104.91,83.36,94.42
8/12/2025,8624.44,100.13,124.06,97.93,85.05,100.68,112.54,102.11,98.52,104,83.32,94.18
9/12/2025,8585.94,100.06,123.27,97.57,84.21,100.41,111.49,101.59,97.76,103.26,82.23,93.99
10/12/2025,8579.36,99.68,124.84,97.46,83.89,99.75,110.64,100.74,97.21,102.95,81.02,94.01
11/12/2025,8592.05,99.97,125.95,96.93,82.99,100.36,111.28,100.45,96.54,103.15,79.81,93.88
12/12/2025,8697.27,101.6,128.5,96.81,84.23,101.27,111.71,101.1,96.25,104.04,79.45,94.01
15/12/2025,8635.04,101.53,125.67,97.34,83.21,100.99,110.8,100.42,96,103.97,79.09,93.77
16/12/2025,8598.95,101.38,124.74,97.09,82.55,100.74,108.34,101.39,95.35,103.55,77.12,93.79
17/12/2025,8585.19,100.95,126.76,96.5,80.97,100.31,106.85,101.07,95.07,102.66,76.29,92.57
18/12/2025,8588.23,100.96,126.98,96.89,80.85,100.74,105.24,100.71,95.51,101.57,76.44,93.17
19/12/2025,8621.35,102.04,126.25,96.59,81.41,101.17,105.33,101.6,95.26,102.04,78.14,92.63
22/12/2025,8699.9,102.34,129.2,97.13,81.87,101.69,106.86,102.24,96.04,102.61,78.29,93.12
23/12/2025,8795.71,103.87,130.11,98.09,82.17,104.75,107.76,103.06,96.48,103.18,78.92,93.22
24/12/2025,8762.7,103.44,130.48,97.44,80.86,104.28,107.46,102.51,95.82,103.13,78.23,92.95
29/12/2025,8725.73,102.95,129.97,96.9,81.01,103.7,106.63,101.86,95.8,102.94,77.41,92.86
30/12/2025,8717.08,103.35,128.7,97.41,80.66,102.9,107.47,101.93,95.98,102.55,77.26,93.17
31/12/2025,8714.31,102.96,129.41,97.11,80.46,102.5,108.28,101.94,96.02,102.55,77.63,93.04
2/01/2026,8727.75,103.35,129.38,97.23,80.45,102.53,108.98,102.07,96.22,102.12,77.24,93.04
5/01/2026,8728.63,103.17,131.64,95.65,80.4,101.82,108.55,101.85,94.84,102.19,75.25,92.58
6/01/2026,8682.75,101.37,134.28,94.71,79.03,100.76,108.9,101.17,94.6,100.13,74.76,90.88
7/01/2026,8695.57,100.33,136.06,94.98,79.75,101.23,106.35,101.95,94.58,100.41,75.9,91.96
8/01/2026,8720.76,101,134.39,96.26,81.06,101.55,106.66,102.36,95.19,100.97,77.21,92.59
9/01/2026,8717.85,100.78,134.14,96.47,80.97,101.16,108.92,102.2,95.54,100.99,76.84,93.53
12/01/2026,8759.39,101.22,134.12,98.52,81.49,101.18,109.86,103.04,95.92,99.16,77.22,94.57
13/01/2026,8808.54,101.93,136.83,97.73,81.15,101.81,108.58,103.14,95.68,98.4,76.65,93.77
14/01/2026,8820.59,101.19,138.06,98.47,81.24,101.85,111.1,103.25,95.46,98.57,76.61,93.95
15/01/2026,8861.68,101.72,139.56,98.87,81.75,101.76,111.68,103.46,95.28,98.17,74.9,93.74
16/01/2026,8903.85,102.73,139.32,99.22,81.84,102.89,110.95,104.05,95.62,97.92,75.78,94.75
19/01/2026,8874.51,102.14,139.9,98.47,81.33,102.46,111.18,103.8,94.55,98.88,73.89,94.23
20/01/2026,8815.86,101.04,138.4,98.19,81.4,101.92,110.85,103.4,94.72,100.42,74.57,94.04
21/01/2026,8782.87,99.44,141.87,96.08,80.95,100.31,111.84,102.18,93.53,101.41,72.7,93.4
22/01/2026,8848.71,101.3,139.44,98.41,82.18,101.11,115.17,103.03,93.89,103.34,72.51,94.43
23/01/2026,8860.09,100.79,141.44,97.7,82.18,100.83,114.9,102.53,94.13,102.95,75.29,93.38
27/01/2026,8941.62,101.65,143.35,98.76,83.19,100.58,115.99,102.9,95.74,103.58,75.11,94.29
28/01/2026,8933.9,101.31,145.29,97.52,82.02,99.72,118.69,102.63,94.72,103.37,73.02,93.41
29/01/2026,8927.53,101,146.62,96.72,81.41,99.5,119.7,101.77,94.1,103.28,71.67,93.87
30/01/2026,8869.15,101.48,141.7,96.53,82.27,99.74,119.79,101.59,94.31,103.19,70.31,94.55
2/02/2026,8778.6,101.62,137.32,96.23,80.91,99.37,117.39,101,94.78,103.21,69.52,94.52
3/02/2026,8857.05,102.46,139.37,97.3,81,100.4,117.97,101.55,94.81,102.06,70.84,94.98
4/02/2026,8927.83,103.46,144.29,96.28,81.07,99.22,121.68,100.82,92.91,99.96,64.18,94.98
5/02/2026,8889.22,104.3,139.52,97.59,81.24,99.44,120.16,101.04,93.22,100.17,64.1,95.89
6/02/2026,8708.83,103.03,135.86,95.22,80.3,95.67,116.9,99.13,90.64,98.33,61.94,94.58
9/02/2026,8870.1,104.3,139.92,96.83,80.77,98.68,119,100.92,91.45,99.54,63.99,95.52
10/02/2026,8867.36,103.19,141.13,97.7,79.33,99.05,119.77,101.72,92.07,98.72,65.36,95.7
11/02/2026,9014.78,106.78,144.11,98.68,77.35,98.83,119.74,102.28,92.15,101.11,65.81,96.19
12/02/2026,9043.54,109.52,145.74,96.57,73.13,96.92,119.53,101.39,90.73,104.04,61.73,96.95
13/02/2026,8917.61,108.6,142.8,94.29,70.17,97.75,117.13,100.54,90.06,107.55,58.61,96.54
16/02/2026,8937.09,108.55,141.31,95.84,70.92,98.73,117.33,101.96,91.18,106.63,61.92,96.81
17/02/2026,8958.88,108.53,143.13,96.36,70.97,97.75,116.85,101.6,90.93,106.52,61.69,97.1
18/02/2026,9006.98,109.23,142.86,97.48,71.32,99.2,117.56,102.22,91.54,107.55,63.09,97.31
19/02/2026,9086.17,110.8,144.76,94.56,72.55,96.86,122.03,103.23,93.59,107.88,63.97,96.97
20/02/2026,9081.4,111.6,143.76,93.21,72.33,97.52,122.85,103.68,92.99,108.67,62.45,95.58
23/02/2026,9026.03,110.26,145.96,91.58,70.58,95.26,120.82,103.86,92.81,107.5,59.61,95.65
24/02/2026,9022.32,109.91,147.43,90.01,69.85,94.16,122.86,104.33,93.19,107.54,57.55,96.04
25/02/2026,9128.29,110.55,151.38,89.67,70.1,94.22,123.91,104.65,91.82,106.79,60.94,101.48
26/02/2026,9175.31,110.49,152.89,90.16,71.2,95.27,122.07,103.78,93.3,105.98,64.1,103.11
27/02/2026,9198.6,110.23,154.41,90.12,71.27,95.75,123.22,104.44,94.5,107.48,63.89,100.34
2/03/2026,9200.89,108.27,157.43,89.37,70.84,95.37,130,104.49,94.38,107.04,61.93,102.7
3/03/2026,9077.27,108.13,152.56,86.87,69.84,93.45,131.84,103.45,93.5,106.88,60.59,102.73
4/03/2026,8901.21,106.07,148.01,85.81,69.09,91.19,131.31,101.79,93.4,105.68,60.38,100.63
5/03/2026,8940.32,106.87,147.29,85.76,70.41,92.06,132.33,101.49,93.87,106.04,63.14,101.18
6/03/2026,8851,106.63,141.26,86.32,70.51,91.44,132.37,101.12,95.5,106.19,66.02,100.91
9/03/2026,8599.03,104.43,134.45,84.44,68.23,89.25,134.56,97.43,93.69,104.93,62.88,98.68
10/03/2026,8692.59,105.79,136.96,85.51,69.42,89.89,130.64,98.08,93.82,104.99,64.09,98.37
11/03/2026,8743.48,106.69,139.66,85.3,68.47,89.27,131.39,98.01,92.94,103.28,63.09,98.9
12/03/2026,8629.04,105.15,137.42,84.35,67.45,86.98,134.12,97,92.28,103.01,60.92,98.48
13/03/2026,8617.09,106.23,134.58,84.54,67.23,86.83,134.65,96.74,92.91,103.35,61.4,98.19
16/03/2026,8583.38,106.66,131.59,84.68,66.98,86.63,135.36,96.6,93.19,104.17,60.46,98.99
17/03/2026,8614.28,107.28,132.91,83.74,66.84,87.45,134.37,96.67,92.92,104.64,59.7,99.15
18/03/2026,8640.64,107.36,133.53,83.78,66.37,88.19,135.32,97.31,93.29,105.56,60.65,99.58
19/03/2026,8497.79,106.86,127.09,82.29,64.94,86.1,142.2,95.41,92.89,105.94,58.85,100.49
20/03/2026,8428.45,105.7,125.04,81.61,65.72,85.51,143.2,94.43,93.12,106.7,58.8,100.24
23/03/2026,8365.92,105.08,122.03,82.5,65.82,84.49,144.97,93.68,93.24,108.27,58.26,100.2
24/03/2026,8379.35,103.72,125.53,82.35,65.3,85.08,144.36,94.03,93.24,109.59,57.35,100.1
25/03/2026,8534.26,105.08,131.06,83.7,66.42,86.38,140.99,95.81,93.66,109.52,58.2,99.98
26/03/2026,8525.72,105.11,130.51,83.41,66.99,85.63,143.17,95.9,92.81,109.89,56.87,100.07
27/03/2026,8516.28,104.89,130.75,83.11,66.86,84.89,144.43,95.5,92.75,110.29,55.99,100.48
30/03/2026,8460.97,102.55,132.41,81.7,65.99,84.26,147.74,95,92.53,111.83,54.23,101.16
31/03/2026,8481.78,102.84,132.65,82.12,66.18,84.89,146.03,95.23,93.32,111.24,55.84,100.59
1/04/2026,8671.79,104.67,139.1,83.55,67.2,85.33,146.77,96.28,94.13,110.99,57.78,100.79
2/04/2026,8579.49,104.51,135.25,82.65,65.76,84.86,146.24,95.56,93.94,112.01,55.51,102.12
7/04/2026,8728.78,106.76,138.78,83.79,66.27,85.02,148.31,95.9,94.37,113.34,57.72,102.21
8/04/2026,8951.8,109.72,144.99,86.75,67.69,88.35,137.71,98.67,95.17,108.61,61.94,101.36
9/04/2026,8973.2,111.04,144.54,85.98,66.87,88.2,141.26,98.52,95.07,110.69,57.93,102.22
10/04/2026,8960.61,111.4,143.58,85.79,66.58,88.97,140.59,98.08,94.97,111.07,56.87,101.94
13/04/2026,8926.04,111.05,142.96,84.87,66.17,88.11,143.54,96.97,95.14,111.44,55.85,101.77
14/04/2026,8970.82,110.95,145.56,84.44,66.57,89.24,143.93,96.23,95.23,110.96,57.71,101.46
15/04/2026,8978.69,110.73,146.52,84.38,67.15,89.92,141.14,96.25,95.07,109.22,59.1,100.79
16/04/2026,8955.02,109.31,145.93,85.01,67.05,91.6,140.34,96,96.15,109.89,63.48,100.81
17/04/2026,8946.93,109.03,146.03,84.33,66.75,91.51,139.7,96.57,96.53,111.04,64.24,100.46
20/04/2026,8953.29,108.92,146.03,85.62,66.78,92.48,135.51,97.21,96.47,110.11,64.34,101.84
21/04/2026,8949.39,108.79,145.8,85.72,66.5,92.89,134.31,97.68,96.41,110.42,64.61,102.54
22/04/2026,8843.56,106.33,145.97,85.02,62.51,92.49,133.32,97.41,96.29,110.56,64.83,103.64
23/04/2026,8793.41,105.54,144.46,84.46,62.28,91.95,137.42,96.82,96.2,110.77,64.43,102.81
24/04/2026,8786.52,105.85,143,84.43,62.39,91.64,139.43,96.51,96.43,113.17,64.25,103.2
27/04/2026,8766.36,105.36,143.91,84.35,62.43,91.5,136.82,96.44,95.27,109.98,63.65,102.59
28/04/2026,8710.67,105.42,142.63,82.4,61.66,90.36,138.46,95.62,94.22,107.48,62.62,101.96
29/04/2026,8686.99,104.78,142.08,82.63,60.82,90.64,140.22,95.74,93.76,109.82,62.83,101.54
30/04/2026,8665.82,105.79,138.32,83.11,60.44,91.79,142.14,96.73,95,110.86,63.24,96.49
1/05/2026,8729.84,105.52,141.21,83.76,60.57,92.71,142.17,97.96,95.69,111.48,63.7,97.58
4/05/2026,8697.11,105.37,140.76,83.01,60.74,92.36,139.2,98.05,95.91,109.61,64.36,95.06
5/05/2026,8680.45,104.84,139.99,82.65,60.73,92.72,140.45,98.29,96.59,110.34,64.85,95.4
6/05/2026,8793.64,107.34,143.46,82.16,60.19,93.28,137.57,99.41,95.65,110.49,64.54,94.57
7/05/2026,8878.13,107.74,148.74,82.38,59.52,93.91,133.53,99.88,95.55,108.72,64.7,95.2
8/05/2026,8744.35,105.32,147.22,81.55,58.8,91.82,131.35,98.96,95.77,106.51,64.21,94.1
11/05/2026,8701.76,104.53,147.77,81.37,55,92.13,132.77,98.52,95.64,106.19,64.11,94.08
12/05/2026,8670.68,102.89,151.36,79.92,54.04,91.49,132.65,97.38,94.62,108.47,61.92,92.31
13/05/2026,8630.39,98.76,154.35,82.26,54.22,92.56,132.98,97.62,95.24,108.66,62.15,92.7
14/05/2026,8640.71,99.76,154.19,81.91,53.66,92.82,131.96,98.08,94.64,109.52,60.78,90.97
15/05/2026,8630.84,100.76,149.8,82.16,54.06,93.19,134.84,99.03,95.59,107.95,62.73,91.71
18/05/2026,8505.31,100.51,145.56,81.44,53.26,90.57,137.53,95.06,94.81,106.55,62.14,90.9
19/05/2026,8604.7,102.23,145.45,82.68,54.26,92.21,138.24,96.22,97.33,107.64,61.87,93.63
20/05/2026,8496.58,101.1,142.37,82.33,54.13,90.72,138.25,94.79,95.71,105.86,61.9,93.77
21/05/2026,8621.75,102.56,146.01,83.4,54.76,92.72,136.93,96.32,95.09,105.15,61.91,93.94
22/05/2026,8657.03,102.91,147.87,83.25,54.78,91.86,138.31,96.82,93.33,104.01,62.18,94.37
